{
    "best_avg_score": 76.12892287483079,
    "best_miou": 50.267386288008666,
    "best_acc": 87.6176538073162,
    "best_map": 90.50172852916751,
    "best_params": {
        "sparse_threshold": 0.625,
        "max_dict_cos_sim": 0.5,
        "max_atoms": 5
    }
}