{
    "best_avg_score": 72.83523404755285,
    "best_miou": 44.40197123809331,
    "best_acc": 88.78330629126651,
    "best_map": 85.32042461329873,
    "best_params": {
        "sparse_threshold": 0.9,
        "max_dict_cos_sim": 0.6,
        "max_atoms": 5
    }
}